[
  {
    "id": "af59c2b3-2da7-41fd-8b72-3939817960af",
    "alias": "SPClientBase",
    "componentType": "Library",
    "version": "1.0.0",
    "manifestVersion": 2,
    "loaderConfig": {
      "entryModuleId": "sp-client-base",
      "internalModuleBaseUrls": [
        "https://localhost:4321/node_modules/@microsoft/sp-client-base/"
      ],
      "scriptResources": {
        "sp-client-base": {
          "type": "path",
          "path": "dist/sp-client-base.js"
        }
      }
    }
  },
  {
    "id": "73e1dc6c-8441-42cc-ad47-4bd3659f8a3a",
    "alias": "SPLodashSubset",
    "componentType": "Library",
    "version": "1.0.0",
    "manifestVersion": 2,
    "loaderConfig": {
      "entryModuleId": "sp-lodash-subset",
      "internalModuleBaseUrls": [
        "https://localhost:4321/node_modules/@microsoft/sp-lodash-subset/"
      ],
      "scriptResources": {
        "sp-lodash-subset": {
          "type": "path",
          "path": "dist/sp-lodash-subset.js"
        }
      }
    }
  },
  {
    "id": "7263c7d0-1d6a-45ec-8d85-d4d1d234171b",
    "alias": "SPCoreLibrary",
    "componentType": "Library",
    "version": "1.0.0",
    "manifestVersion": 2,
    "loaderConfig": {
      "entryModuleId": "sp-core-library",
      "internalModuleBaseUrls": [
        "https://localhost:4321/node_modules/@microsoft/sp-core-library/"
      ],
      "scriptResources": {
        "sp-core-library": {
          "type": "path",
          "path": "dist/sp-core-library.js"
        },
        "@microsoft/sp-lodash-subset": {
          "type": "component",
          "version": "1.0.0",
          "id": "73e1dc6c-8441-42cc-ad47-4bd3659f8a3a"
        }
      }
    }
  },
  {
    "id": "1c6c9123-7aac-41f3-a376-3caea41ed83f",
    "alias": "SPLoader",
    "componentType": "Library",
    "version": "1.0.0",
    "manifestVersion": 2,
    "loaderConfig": {
      "entryModuleId": "sp-loader",
      "internalModuleBaseUrls": [
        "https://localhost:4321/node_modules/@microsoft/sp-loader/"
      ],
      "scriptResources": {
        "sp-loader": {
          "type": "localizedPath",
          "paths": {},
          "defaultPath": "dist/sp-loader_en-us.js"
        }
      }
    }
  },
  {
    "id": "f97266fb-ccb7-430e-9384-4124d05295d3",
    "alias": "Decorators",
    "componentType": "Library",
    "version": "1.0.0",
    "manifestVersion": 2,
    "loaderConfig": {
      "entryModuleId": "decorators",
      "internalModuleBaseUrls": [
        "https://localhost:4321/node_modules/@microsoft/decorators/"
      ],
      "scriptResources": {
        "decorators": {
          "type": "path",
          "path": "dist/decorators.js"
        }
      }
    }
  },
  {
    "id": "02a01e42-69ab-403d-8a16-acd128661f8e",
    "alias": "OfficeUIFabricReact",
    "componentType": "Library",
    "version": "1.0.1",
    "manifestVersion": 2,
    "loaderConfig": {
      "entryModuleId": "office-ui-fabric-react.bundle",
      "internalModuleBaseUrls": [
        "https://localhost:4321/node_modules/@microsoft/office-ui-fabric-react-bundle/"
      ],
      "scriptResources": {
        "office-ui-fabric-react.bundle": {
          "type": "path",
          "path": "dist/office-ui-fabric-react.bundle.js"
        },
        "react": {
          "type": "component",
          "version": "15.4.2",
          "id": "0d910c1c-13b9-4e1c-9aa4-b008c5e42d7d",
          "failoverPath": "node_modules/react/dist/react.js"
        },
        "react-dom": {
          "type": "component",
          "version": "15.4.2",
          "id": "aa0a46ec-1505-43cd-a44a-93f3a5aa460a",
          "failoverPath": "node_modules/react-dom/dist/react-dom.js"
        }
      }
    }
  },
  {
    "id": "467dc675-7cc5-4709-8aac-78e3b71bd2f6",
    "alias": "SPComponentBase",
    "componentType": "Library",
    "version": "1.0.0",
    "manifestVersion": 2,
    "loaderConfig": {
      "entryModuleId": "sp-component-base",
      "internalModuleBaseUrls": [
        "https://localhost:4321/node_modules/@microsoft/sp-component-base/"
      ],
      "scriptResources": {
        "sp-component-base": {
          "type": "path",
          "path": "dist/sp-component-base.js"
        },
        "@microsoft/decorators": {
          "type": "component",
          "version": "1.0.0",
          "id": "f97266fb-ccb7-430e-9384-4124d05295d3"
        },
        "@microsoft/sp-core-library": {
          "type": "component",
          "version": "1.0.0",
          "id": "7263c7d0-1d6a-45ec-8d85-d4d1d234171b"
        }
      }
    }
  },
  {
    "id": "c07208f0-ea3b-4c1a-9965-ac1b825211a6",
    "alias": "SPHttp",
    "componentType": "Library",
    "version": "1.0.0",
    "manifestVersion": 2,
    "loaderConfig": {
      "entryModuleId": "sp-http",
      "internalModuleBaseUrls": [
        "https://localhost:4321/node_modules/@microsoft/sp-http/"
      ],
      "scriptResources": {
        "sp-http": {
          "type": "path",
          "path": "dist/sp-http.js"
        },
        "@microsoft/sp-core-library": {
          "type": "component",
          "version": "1.0.0",
          "id": "7263c7d0-1d6a-45ec-8d85-d4d1d234171b"
        },
        "@microsoft/decorators": {
          "type": "component",
          "version": "1.0.0",
          "id": "f97266fb-ccb7-430e-9384-4124d05295d3"
        },
        "@microsoft/sp-lodash-subset": {
          "type": "component",
          "version": "1.0.0",
          "id": "73e1dc6c-8441-42cc-ad47-4bd3659f8a3a"
        },
        "@ms/sp-telemetry": {
          "type": "component",
          "version": "0.2.1",
          "id": "8217e442-8ed3-41fd-957d-b112e841286a"
        }
      }
    }
  },
  {
    "id": "1c4541f7-5c31-41aa-9fa8-fbc9dc14c0a8",
    "alias": "SPPageContext",
    "componentType": "Library",
    "version": "1.0.0",
    "manifestVersion": 2,
    "loaderConfig": {
      "entryModuleId": "sp-page-context",
      "internalModuleBaseUrls": [
        "https://localhost:4321/node_modules/@microsoft/sp-page-context/"
      ],
      "scriptResources": {
        "sp-page-context": {
          "type": "path",
          "path": "dist/sp-page-context.js"
        },
        "@ms/sp-telemetry": {
          "type": "component",
          "version": "0.2.1",
          "id": "8217e442-8ed3-41fd-957d-b112e841286a"
        },
        "@microsoft/sp-core-library": {
          "type": "component",
          "version": "1.0.0",
          "id": "7263c7d0-1d6a-45ec-8d85-d4d1d234171b"
        },
        "@microsoft/sp-http": {
          "type": "component",
          "version": "1.0.0",
          "id": "c07208f0-ea3b-4c1a-9965-ac1b825211a6"
        }
      }
    }
  },
  {
    "id": "974a7777-0990-4136-8fa6-95d80114c2e0",
    "alias": "SPWebPartBase",
    "componentType": "Library",
    "version": "1.0.0",
    "manifestVersion": 2,
    "loaderConfig": {
      "entryModuleId": "sp-webpart-base",
      "internalModuleBaseUrls": [
        "https://localhost:4321/node_modules/@microsoft/sp-webpart-base/"
      ],
      "scriptResources": {
        "sp-webpart-base": {
          "type": "localizedPath",
          "paths": {},
          "defaultPath": "dist/sp-webpart-base_en-us.js"
        },
        "@microsoft/decorators": {
          "type": "component",
          "version": "1.0.0",
          "id": "f97266fb-ccb7-430e-9384-4124d05295d3"
        },
        "@microsoft/sp-lodash-subset": {
          "type": "component",
          "version": "1.0.0",
          "id": "73e1dc6c-8441-42cc-ad47-4bd3659f8a3a"
        },
        "@ms/sp-telemetry": {
          "type": "component",
          "version": "0.2.1",
          "id": "8217e442-8ed3-41fd-957d-b112e841286a"
        },
        "@microsoft/sp-core-library": {
          "type": "component",
          "version": "1.0.0",
          "id": "7263c7d0-1d6a-45ec-8d85-d4d1d234171b"
        },
        "@microsoft/sp-loader": {
          "type": "component",
          "version": "1.0.0",
          "id": "1c6c9123-7aac-41f3-a376-3caea41ed83f"
        },
        "@microsoft/sp-http": {
          "type": "component",
          "version": "1.0.0",
          "id": "c07208f0-ea3b-4c1a-9965-ac1b825211a6"
        },
        "@microsoft/sp-page-context": {
          "type": "component",
          "version": "1.0.0",
          "id": "1c4541f7-5c31-41aa-9fa8-fbc9dc14c0a8"
        },
        "react-dom": {
          "type": "component",
          "version": "15.4.2",
          "id": "aa0a46ec-1505-43cd-a44a-93f3a5aa460a",
          "failoverPath": "node_modules/react-dom/dist/react-dom.js"
        },
        "react": {
          "type": "component",
          "version": "15.4.2",
          "id": "0d910c1c-13b9-4e1c-9aa4-b008c5e42d7d",
          "failoverPath": "node_modules/react/dist/react.js"
        },
        "office-ui-fabric-react": {
          "type": "component",
          "version": "1.0.0",
          "id": "02a01e42-69ab-403d-8a16-acd128661f8e"
        },
        "@microsoft/sp-client-base": {
          "type": "component",
          "version": "1.0.0",
          "id": "af59c2b3-2da7-41fd-8b72-3939817960af"
        },
        "@microsoft/sp-component-base": {
          "type": "component",
          "version": "1.0.0",
          "id": "467dc675-7cc5-4709-8aac-78e3b71bd2f6"
        }
      }
    }
  },
  {
    "id": "4d5eb168-6729-49a8-aec7-0e397f486b6e",
    "alias": "SPClientPreview",
    "componentType": "Library",
    "version": "1.0.0",
    "manifestVersion": 2,
    "loaderConfig": {
      "entryModuleId": "sp-client-preview",
      "internalModuleBaseUrls": [
        "https://localhost:4321/node_modules/@microsoft/sp-client-preview/"
      ],
      "scriptResources": {
        "sp-client-preview": {
          "type": "localizedPath",
          "paths": {},
          "defaultPath": "dist/sp-client-preview_en-us.js"
        },
        "@ms/sp-telemetry": {
          "type": "component",
          "version": "0.2.1",
          "id": "8217e442-8ed3-41fd-957d-b112e841286a"
        },
        "@microsoft/sp-core-library": {
          "type": "component",
          "version": "1.0.0",
          "id": "7263c7d0-1d6a-45ec-8d85-d4d1d234171b"
        },
        "@microsoft/sp-page-context": {
          "type": "component",
          "version": "1.0.0",
          "id": "1c4541f7-5c31-41aa-9fa8-fbc9dc14c0a8"
        },
        "react": {
          "type": "component",
          "version": "15.4.2",
          "id": "0d910c1c-13b9-4e1c-9aa4-b008c5e42d7d",
          "failoverPath": "node_modules/react/dist/react.js"
        },
        "react-dom": {
          "type": "component",
          "version": "15.4.2",
          "id": "aa0a46ec-1505-43cd-a44a-93f3a5aa460a",
          "failoverPath": "node_modules/react-dom/dist/react-dom.js"
        },
        "office-ui-fabric-react": {
          "type": "component",
          "version": "1.0.0",
          "id": "02a01e42-69ab-403d-8a16-acd128661f8e"
        },
        "@microsoft/sp-webpart-base": {
          "type": "component",
          "version": "1.0.0",
          "id": "974a7777-0990-4136-8fa6-95d80114c2e0"
        },
        "@microsoft/sp-lodash-subset": {
          "type": "component",
          "version": "1.0.0",
          "id": "73e1dc6c-8441-42cc-ad47-4bd3659f8a3a"
        },
        "@microsoft/sp-client-base": {
          "type": "component",
          "version": "1.0.0",
          "id": "af59c2b3-2da7-41fd-8b72-3939817960af"
        },
        "@microsoft/sp-http": {
          "type": "component",
          "version": "1.0.0",
          "id": "c07208f0-ea3b-4c1a-9965-ac1b825211a6"
        },
        "@microsoft/sp-loader": {
          "type": "component",
          "version": "1.0.0",
          "id": "1c6c9123-7aac-41f3-a376-3caea41ed83f"
        }
      }
    }
  },
  {
    "id": "4df9bb86-ab0a-4aab-ab5f-48bf167048fb",
    "alias": "SPApplicationBase",
    "componentType": "Library",
    "version": "1.0.0",
    "manifestVersion": 2,
    "loaderConfig": {
      "entryModuleId": "sp-application-base",
      "internalModuleBaseUrls": [
        "https://localhost:4321/node_modules/@microsoft/sp-application-base/"
      ],
      "scriptResources": {
        "sp-application-base": {
          "type": "path",
          "path": "dist/sp-application-base.js"
        },
        "@ms/sp-telemetry": {
          "type": "component",
          "version": "0.2.1",
          "id": "8217e442-8ed3-41fd-957d-b112e841286a"
        },
        "@microsoft/sp-core-library": {
          "type": "component",
          "version": "1.0.0",
          "id": "7263c7d0-1d6a-45ec-8d85-d4d1d234171b"
        },
        "@microsoft/sp-page-context": {
          "type": "component",
          "version": "1.0.0",
          "id": "1c4541f7-5c31-41aa-9fa8-fbc9dc14c0a8"
        },
        "@microsoft/sp-http": {
          "type": "component",
          "version": "1.0.0",
          "id": "c07208f0-ea3b-4c1a-9965-ac1b825211a6"
        },
        "@microsoft/sp-loader": {
          "type": "component",
          "version": "1.0.0",
          "id": "1c6c9123-7aac-41f3-a376-3caea41ed83f"
        },
        "@ms/odsp-utilities-bundle": {
          "type": "component",
          "version": "1.0.2",
          "id": "cc2cc925-b5be-41bb-880a-f0f8030c6aff"
        },
        "@microsoft/sp-client-preview": {
          "type": "component",
          "version": "1.0.0",
          "id": "4d5eb168-6729-49a8-aec7-0e397f486b6e"
        }
      }
    }
  },
  {
    "id": "8be81a5c-af38-4bb2-af97-afa3b64dfbed",
    "alias": "WebPartWorkbench",
    "componentType": "Application",
    "version": "1.0.0",
    "manifestVersion": 2,
    "title": {
      "default": "WebpartWorkbench"
    },
    "description": {
      "default": "WebpartWorkbench"
    },
    "preloadComponents": [
      "8217e442-8ed3-41fd-957d-b112e841286a",
      "4df9bb86-ab0a-4aab-ab5f-48bf167048fb"
    ],
    "preloadOptions": {
      "shouldPreloadWeb": true,
      "shouldPreloadUser": true,
      "shouldPreloadList": false,
      "shouldPreloadItem": true,
      "shouldPreloadQuickLaunch": true
    },
    "loaderConfig": {
      "entryModuleId": "sp-webpart-workbench",
      "internalModuleBaseUrls": [
        "https://localhost:4321/node_modules/@microsoft/sp-webpart-workbench/"
      ],
      "scriptResources": {
        "sp-webpart-workbench": {
          "type": "localizedPath",
          "paths": {},
          "defaultPath": "dist/sp-webpart-workbench_en-us.js"
        },
        "react": {
          "type": "component",
          "version": "15.4.2",
          "id": "0d910c1c-13b9-4e1c-9aa4-b008c5e42d7d",
          "failoverPath": "node_modules/react/dist/react.js"
        },
        "react-dom": {
          "type": "component",
          "version": "15.4.2",
          "id": "aa0a46ec-1505-43cd-a44a-93f3a5aa460a",
          "failoverPath": "node_modules/react-dom/dist/react-dom.js"
        },
        "@microsoft/sp-application-base": {
          "type": "component",
          "version": "1.0.0",
          "id": "4df9bb86-ab0a-4aab-ab5f-48bf167048fb"
        },
        "@microsoft/sp-loader": {
          "type": "component",
          "version": "1.0.0",
          "id": "1c6c9123-7aac-41f3-a376-3caea41ed83f"
        },
        "office-ui-fabric-react": {
          "type": "component",
          "version": "1.0.0",
          "id": "02a01e42-69ab-403d-8a16-acd128661f8e"
        },
        "@microsoft/sp-core-library": {
          "type": "component",
          "version": "1.0.0",
          "id": "7263c7d0-1d6a-45ec-8d85-d4d1d234171b"
        },
        "@microsoft/sp-client-preview": {
          "type": "component",
          "version": "1.0.0",
          "id": "4d5eb168-6729-49a8-aec7-0e397f486b6e"
        }
      }
    }
  },
  {
    "id": "669fb78b-6217-4460-a4c5-6208cc90a46a",
    "alias": "HelloWorldWebPart",
    "componentType": "WebPart",
    "version": "0.0.1",
    "manifestVersion": 2,
    "preconfiguredEntries": [
      {
        "groupId": "669fb78b-6217-4460-a4c5-6208cc90a46a",
        "group": {
          "default": "Under Development"
        },
        "title": {
          "default": "HelloWorld"
        },
        "description": {
          "default": "HelloWorld description"
        },
        "officeFabricIconFontName": "Page",
        "properties": {
          "description": "HelloWorld"
        }
      }
    ],
    "loaderConfig": {
      "entryModuleId": "hello-world.bundle",
      "internalModuleBaseUrls": [
        "https://localhost:4321/"
      ],
      "scriptResources": {
        "hello-world.bundle": {
          "type": "path",
          "path": "dist/hello-world.bundle.js"
        },
        "helloWorldStrings": {
          "defaultPath": "lib/webparts/helloWorld/loc/en-us.js",
          "type": "localizedPath",
          "paths": {}
        },
        "@microsoft/sp-core-library": {
          "type": "component",
          "version": "1.0.0",
          "id": "7263c7d0-1d6a-45ec-8d85-d4d1d234171b"
        },
        "@microsoft/sp-webpart-base": {
          "type": "component",
          "version": "1.0.0",
          "id": "974a7777-0990-4136-8fa6-95d80114c2e0"
        },
        "@microsoft/sp-lodash-subset": {
          "type": "component",
          "version": "1.0.0",
          "id": "73e1dc6c-8441-42cc-ad47-4bd3659f8a3a"
        }
      }
    }
  }
]