{
  "rules": {
    "class-name": false,
    "export-name": false,
    "forin": false,
    "label-position": false,
    "member-access": true,
    "no-arg": false,
    "no-console": false,
    "no-construct": false,
    "no-duplicate-case": true,
    "no-duplicate-variable": true,
    "no-eval": false,
    "no-function-expression": true,
    "no-internal-module": true,
    "no-shadowed-variable": true,
    "no-switch-case-fall-through": true,
    "no-unnecessary-semicolons": true,
    "no-unused-expression": true,
    "no-unused-imports": true,
    "no-use-before-declare": true,
    "no-with-statement": true,
    "semicolon": true,
    "trailing-comma": false,
    "typedef": false,
    "typedef-whitespace": false,
    "use-named-parameter": true,
    "valid-typeof": true,
    "variable-name": false,
    "whitespace": false,
    "prefer-const": true
  }
}