{
  "$schema": "../../../node_modules/@microsoft/sp-module-interfaces/lib/manifestSchemas/jsonSchemas/clientSideComponentManifestSchema.json",

  "id": "669fb78b-6217-4460-a4c5-6208cc90a46a",
  "alias": "HelloWorldWebPart",
  "componentType": "WebPart",
  "version": "0.0.1",
  "manifestVersion": 2,

  "preconfiguredEntries": [{
    "groupId": "669fb78b-6217-4460-a4c5-6208cc90a46a",
    "group": { "default": "Under Development" },
    "title": { "default": "HelloWorld" },
    "description": { "default": "HelloWorld description" },
    "officeFabricIconFontName": "Page",
    "properties": {
      "description": "HelloWorld"
    }
  }]
}
