{
  "$schema": "../../../node_modules/@microsoft/sp-module-interfaces/lib/manifestSchemas/jsonSchemas/clientSideComponentManifestSchema.json",

  "id": "f361f362-f1df-44db-953e-64a22b967c20",
  "alias": "HelloWorldWebPart",
  "componentType": "WebPart",
  "version": "0.0.1",
  "manifestVersion": 2,

  "preconfiguredEntries": [{
    "groupId": "f361f362-f1df-44db-953e-64a22b967c20",
    "group": { "default": "Under Development" },
    "title": { "default": "HelloWorld" },
    "description": { "default": "HelloWorld description" },
    "officeFabricIconFontName": "Page",
    "properties": {
      "description": "HelloWorld",
      "color": "1"
    }
  }]
}
