{"id":"669fb78b-6217-4460-a4c5-6208cc90a46a","alias":"HelloWorldWebPart","componentType":"WebPart","version":"0.0.1","manifestVersion":2,"preconfiguredEntries":[{"groupId":"669fb78b-6217-4460-a4c5-6208cc90a46a","group":{"default":"Under Development"},"title":{"default":"HelloWorld"},"description":{"default":"HelloWorld description"},"officeFabricIconFontName":"Page","properties":{"description":"HelloWorld"}}],"loaderConfig":{"entryModuleId":"hello-world.bundle","internalModuleBaseUrls":["https://somefancycdn.whatever/"],"scriptResources":{"hello-world.bundle":{"type":"path","path":"hello-world.bundle_ce635edc18eb77c6a223cc8a8b2d227e.js"},"helloWorldStrings":{"defaultPath":"helloworld-webpart-helloworldstrings_en-us_536e65149b0acf4d52c0043073b9fc59.js","type":"localizedPath","paths":{}},"@microsoft/sp-core-library":{"type":"component","version":"1.0.0","id":"7263c7d0-1d6a-45ec-8d85-d4d1d234171b"},"@microsoft/sp-webpart-base":{"type":"component","version":"1.0.0","id":"974a7777-0990-4136-8fa6-95d80114c2e0"},"@microsoft/sp-lodash-subset":{"type":"component","version":"1.0.0","id":"73e1dc6c-8441-42cc-ad47-4bd3659f8a3a"}}}}